item_id,user_gender,img_ref,page_ref,temp_min,temp_max
1,M,https://m.media-amazon.com/images/I/81NqGh7VWIL._SX700_.jpg,https://www.zappos.com,23,50
2,M,https://m.media-amazon.com/images/I/81D41CrEBNL._SX480_.jpg,https://www.zappos.com,23,50
3,M,https://m.media-amazon.com/images/I/81GAh32wSDL._SX480_.jpg,https://www.zappos.com,17,22
4,M,https://m.media-amazon.com/images/I/91HODqXAwqL._SX700_.jpg,https://www.zappos.com,23,50
5,F,https://m.media-amazon.com/images/I/71rOg-ugMrL._SX700_.jpg,https://www.zappos.com/p/sanctuary-uptown-tee-pottery/product/9041853/color/105670,23,50
401,M,https://images.lvrcdn.com/BigRetina69I/L6V/004_3a17b65f-9d03-4a1d-99a7-3b15ac626b8b.JPG,https://www.luisaviaroma.com,12,22
402,M,https://images.lvrcdn.com/BigRetina69I/3J5/017_50618bb1-ab8f-49b3-85b0-0e6804e1fa6a.JPG,https://www.luisaviaroma.com,20,40
403,M,https://images.lvrcdn.com/BigRetina70I/H0Y/008_d1a5129f-c6f1-4281-82c1-2f51f5f23a9f.JPG,https://www.luisaviaroma.com,20,32
404,M,https://images.lvrcdn.com/BigRetina69I/X00/001_33da879c-ea34-4b39-a695-8aaf9463758b.JPG,https://www.luisaviaroma.com,15,18
405,M,https://images.lvrcdn.com/BigRetina69I/XBC/006_09a51c8b-f5dd-4343-9f12-809ee6d46458.JPG,https://www.luisaviaroma.com,12,18
406,M,https://images.lvrcdn.com/BigRetina69I/LFC/015_8a24b207-7601-4c7a-b696-ad404bbe1615.JPG,https://www.luisaviaroma.com,6,13
407,M,https://images.lvrcdn.com/BigRetina69I/XAN/015_2aae94e7-53cb-4708-b2e3-25e834ceb150.JPG,https://www.luisaviaroma.com,8,18
408,M,https://images.lvrcdn.com/BigRetina68I/GE8/008_ce030654-c147-4322-95f1-96fbd175108e.JPG,https://www.luisaviaroma.com,5,14
409,M,https://images.lvrcdn.com/BigRetina69I/X5O/001_05093bb7-fd99-4319-881b-012eff6beaae.JPG,https://www.luisaviaroma.com,6,13
410,M,https://images.lvrcdn.com/BigRetina68I/25Z/043_ea3fe66c-2051-4c86-ba79-0f9225a3f91b.JPG,https://www.luisaviaroma.com,6,13
411,M,https://images.lvrcdn.com/BigRetina69I/3JI/006_1bb65eec-fd19-4ba1-b6d5-5ba7abec4edd.JPG,https://www.luisaviaroma.com,15,18
412,M,https://images.lvrcdn.com/BigRetina69I/GZU/023_cecf5bfb-19f4-4278-9ef5-daa778320f48.JPG,https://www.luisaviaroma.com,14,19
413,M,https://images.lvrcdn.com/BigRetina69I/WL9/011_be03ed8c-d344-4b6e-844c-0860c3df8ea4.JPG,https://www.luisaviaroma.com,10,18
414,M,https://images.lvrcdn.com/BigRetina69I/DND/001_7d07d68a-d15a-4c7b-b81b-0fa68365e513.JPG,https://www.luisaviaroma.com,22,40
415,M,https://images.lvrcdn.com/BigRetina69I/LEX/007_51596520-4a14-4924-9bc5-3eae507459e4.JPG,https://www.luisaviaroma.com,10,18
416,M,"https://img.ssensemedia.com/image/upload/b_white,c_lpad,g_center,h_960,w_960/c_scale,h_680/f_auto,dpr_2.0/182607M202017_1.jpg",https://www.ssense.com,15,19
417,M,"https://img.ssensemedia.com/image/upload/b_white,c_lpad,g_center,h_960,w_960/c_scale,h_680/f_auto,dpr_2.0/191607M202012_1.jpg",https://www.ssense.com,15,19
418,M,"https://img.ssensemedia.com/image/upload/b_white,c_lpad,g_center,h_960,w_960/c_scale,h_680/f_auto,dpr_2.0/191607M204011_1.jpg",https://www.ssense.com,15,19
419,M,"https://img.ssensemedia.com/image/upload/b_white,c_lpad,g_center,h_960,w_960/c_scale,h_680/f_auto,dpr_2.0/191607M204001_1.jpg",https://www.ssense.com,16,20
420,M,"https://img.ssensemedia.com/image/upload/b_white,c_lpad,g_center,h_960,w_960/c_scale,h_680/f_auto,dpr_2.0/191607M201005_1.jpg",https://www.ssense.com,14,18
421,F,"https://img.ssensemedia.com/image/upload/b_white,c_lpad,g_center,h_960,w_960/c_scale,h_680/f_auto,dpr_2.0/192669F110002_1.jpg",https://www.ssense.com,17,50
422,F,"https://img.ssensemedia.com/image/upload/b_white,c_lpad,g_center,h_960,w_960/c_scale,h_680/f_auto,dpr_2.0/192669F097010_1.jpg",https://www.ssense.com,13,17
423,F,"https://img.ssensemedia.com/image/upload/b_white,c_lpad,g_center,h_960,w_960/c_scale,h_680/f_auto,dpr_2.0/191669F109006_1.jpg",https://www.ssense.com,16,20
424,F,"https://img.ssensemedia.com/image/upload/b_white,c_lpad,g_center,h_960,w_960/c_scale,h_680/f_auto,dpr_2.0/191669F060001_1.jpg",https://www.ssense.com,15,18
425,M,https://img.shopstyle-cdn.com/sim/9c/1f/9c1fd1ae3ca5f63951ad8511eb30613f_best/Volcom-Fowler-Ls-Tee.jpg,https://www.shopstyle.com,14,20
426,F,"https://img.ssensemedia.com/image/upload/b_white,c_lpad,g_center,h_960,w_960/c_scale,h_680/f_auto,dpr_2.0/191669F057001_1.jpg",https://www.ssense.com,8,15
427,F,"https://img.ssensemedia.com/image/upload/b_white,c_lpad,g_center,h_960,w_960/c_scale,h_680/f_auto,dpr_2.0/191893F100001_1.jpg",https://www.ssense.com,10,16
428,F,"https://img.ssensemedia.com/image/upload/b_white,c_lpad,g_center,h_960,w_960/c_scale,h_680/f_auto,dpr_2.0/191943F111004_1.jpg",https://www.ssense.com,14,22
429,F,"https://img.ssensemedia.com/image/upload/b_white,c_lpad,g_center,h_960,w_960/c_scale,h_680/f_auto,dpr_2.0/191476F059003_1.jpg",https://www.ssense.com,8,17
430,F,"https://img.ssensemedia.com/image/upload/b_white,c_lpad,g_center,h_960,w_960/c_scale,h_680/f_auto,dpr_2.0/191342F067001_1.jpg",https://www.ssense.com,6,12
431,F,"https://img.ssensemedia.com/image/upload/b_white,c_lpad,g_center,h_960,w_960/c_scale,h_680/f_auto,dpr_2.0/191278F111001_1.jpg",https://www.ssense.com,16,40
432,F,"https://img.ssensemedia.com/image/upload/b_white,c_lpad,g_center,h_960,w_960/c_scale,h_680/f_auto,dpr_2.0/191278F109003_1.jpg",https://www.ssense.com,16,40
433,F,"https://img.ssensemedia.com/image/upload/b_white,c_lpad,g_center,h_960,w_960/c_scale,h_680/f_auto,dpr_2.0/191784F107002_1.jpg",https://www.ssense.com,16,40
434,F,"https://img.ssensemedia.com/image/upload/b_white,c_lpad,g_center,h_960,w_960/c_scale,h_680/f_auto,dpr_2.0/191278F067002_1.jpg",https://www.ssense.com,2,10
435,F,"https://img.ssensemedia.com/image/upload/b_white,c_lpad,g_center,h_960,w_960/c_scale,h_680/f_auto,dpr_2.0/191542F111014_1.jpg",https://www.ssense.com,26,50
436,F,"https://img.ssensemedia.com/image/upload/b_white,c_lpad,g_center,h_960,w_960/c_scale,h_680/f_auto,dpr_2.0/191542F111011_2.jpg",https://www.ssense.com,26,50
437,F,"https://img.ssensemedia.com/image/upload/b_white,c_lpad,g_center,h_960,w_960/c_scale,h_680/f_auto,dpr_2.0/191542F111015_1.jpg",https://www.ssense.com,23,50
438,F,"https://img.ssensemedia.com/image/upload/b_white,c_lpad,g_center,h_960,w_960/c_scale,h_680/f_auto,dpr_2.0/191542F110006_1.jpg",https://www.ssense.com,16,26
439,F,"https://img.ssensemedia.com/image/upload/b_white,c_lpad,g_center,h_960,w_960/c_scale,h_680/f_auto,dpr_2.0/191714F111007_1.jpg",https://www.ssense.com,22,50
440,F,"https://img.ssensemedia.com/image/upload/b_white,c_lpad,g_center,h_960,w_960/c_scale,h_680/f_auto,dpr_2.0/191338F055001_1.jpg",https://www.ssense.com,16,32
100,F,https://images-na.ssl-images-amazon.com/images/G/01/Shopbop/p/prod/products/seaaa/seaaa2058087526/seaaa2058087526_q1_1-0.jpg,https://www.shopbop.com,27,50
101,F,https://images-na.ssl-images-amazon.com/images/G/01/Shopbop/p/prod/products/freep/freep4282511906/freep4282511906_q1_1-0.jpg,https://www.shopbop.com,25,50
102,F,https://images-na.ssl-images-amazon.com/images/G/01/Shopbop/p/prod/products/twang/twang4011910495/twang4011910495_q1_1-0.jpg,https://www.shopbop.com,25,50
103,F,http://s7d2.scene7.com/is/image/PoloGSI/s7-1204932_lifestyle?wid=2000&hei=2000,http://www.ralphlauren.com/product/index.jsp?productId=85888716,12,19
104,F,https://res.cloudinary.com/ssenseweb/image/upload/b_white/v599/162129F100001_1.jpg,https://www.ssense.com/en-us/women/designers/acne-studios,12,19
105,M,https://asset1.surfcdn.com/deus-ex-machina-shield-ss-tee.jpg?w=1200&h=1200&r=4&q=80&o=03i6LbZw2SdROLrL@KzVuwSKxykj&V=YMj1,https://www.shopstyle.com/p/deus-ex-machina-shield-ss-tee/616205026?pid=uid496-33548636-99,24,50
106,M,https://img.shopstyle-cdn.com/sim/41/2e/412e99cf34b624ff3a8085147bc0fdcf_best/Volcom-Warren-Jacket.jpg,https://www.dressbyweather.com/127.0536779/37.5064493/m,12,18
107,M,https://asset1.surfcdn.com/volcom-fowler-ls-tee.jpg?w=1200&h=1200&r=4&q=80&o=$$UZE2c9PhBwpgCjj1aRD5ARpTAj&V=nDKG,https://www.shopstyle.com/p/volcom-fowler-ls-tee/616228436?pid=uid496-33548636-99,19,22
108,M,http://s7d2.scene7.com/is/image/PoloGSI/s7-1198129_lifestyle?wid=2000&hei=2000,https://www.ralphlauren.com/product-archive/checked-twill-sport-shirt/352871.html?productId=90231336,19,22
109,M,http://s7d2.scene7.com/is/image/PoloGSI/s7-1177304_lifestyle?wid=2000&hei=2000,http://www.ralphlauren.com/product/index.jsp?productId=68419916,19,22
110,F,https://is4.revolveassets.com/images/p/fw/z/GIVE-WO41_V1.jpg,https://www.fwrd.com,19,22
111,F,http://s7d2.scene7.com/is/image/PoloGSI/s7-1196456_lifestyle?wid=2000&hei=2000,http://www.ralphlauren.com/product/index.jsp?productId=79163076,19,22
112,F,https://images-na.ssl-images-amazon.com/images/G/01/Shopbop/p/prod/products/joiea/joiea4193063749/joiea4193063749_q1_1-0.jpg,https://www.shopbop.com,19,22
113,F,https://is4.revolveassets.com/images/p/fw/z/ELSM-WK2W_V1.jpg,https://www.fwrd.com,12,19
114,F,https://is4.fwrdassets.com/images/p/fw/z/BURF-WS7_V1.jpg,https://www.fwrd.com/product-burberry-/BURF-WS7/?d=Womens,21,24
115,F,"http://qvc.scene7.com/is/image/QVC/a230521-4?qlt=95,1&op_sharpen=1&id=PC7lp3&fmt=jpg&fit=constrain,1&wid=600&hei=533&qlt=95,1&op_sharpen=1",https://www.thehunt.com/finds/oWrJVA-joan-rivers-all-about-color-water-resistant-trench-coat---qvc-com,9,12
116,F,https://is4.fwrdassets.com/images/p/fw/z/CLOE-WS124_V1.jpg,https://www.fwrd.com/product-chloe-persian-print-top/CLOE-WS124/?d=Womens,26,50
117,F,https://is4.revolveassets.com/images/p4/n/z/AYNR-WK25_V1.jpg,https://www.revolve.co.kr/,14,19
118,F,http://s7d2.scene7.com/is/image/PoloGSI/s7-1195574_lifestyle?wid=2000&hei=2000,https://www.ralphlauren.com/product-archive/draped-striped-cotton-sweater/325525.html?productId=81245566,14,19
119,F,https://is4.fwrdassets.com/images/p/fw/z/STAD-WS14_V1.jpg,https://www.fwrd.com,26,50
120,F,https://is4.fwrdassets.com/images/p/fw/z/CLOE-WS121_V1.jpg,https://www.fwrd.com/product-chloe-/CLOE-WS121/?d=Womens,21,24
121,F,https://is4.fwrdassets.com/images/p/fw/z/ANUI-WK34_V1.jpg,https://www.fwrd.com/product-alanui-/ANUI-WK34/?d=Womens,14,19
122,F,https://is4.fwrdassets.com/images/p/fw/z/JILS-WK13_V1.jpg,https://www.fwrd.com/product-jil-sander-/JILS-WK13/?d=Womens,14,19
123,F,https://is4.fwrdassets.com/images/p/fw/z/AUNF-WK6_V1.jpg,https://www.fwrd.com,14,19
124,F,https://is4.fwrdassets.com/images/p/fw/z/AUNF-WS19_V1.jpg,https://www.fwrd.com,21,24
125,F,https://is4.fwrdassets.com/images/p/fw/z/ANUI-WK31_V1.jpg,https://www.fwrd.com,12,17
126,M,"https://img.ssensemedia.com/image/upload/b_white/c_scale,h_820/f_auto,dpr_2.0/191001M177010_1.jpg",https://www.ssense.com/en-us/men/product/diesel/black-denim-bray-jacket/3651009,17,20
127,M,"https://img.ssensemedia.com/image/upload/b_white/c_scale,h_820/f_auto,dpr_2.0/191129M177005_1.jpg",https://www.ssense.com/en-us/men/product/acne-studios/pink-and-blue-bla-konst-denim-1998-jacket/3467129,15,18
128,M,"https://img.ssensemedia.com/image/upload/b_white/c_scale,h_820/f_auto,dpr_2.0/191129M177002_1.jpg",https://www.ssense.com/en-us/men/product/acne-studios/blue-bla-konst-denim-1998-jacket/3467099,15,18
129,M,"https://img.ssensemedia.com/image/upload/b_white/c_scale,h_820/f_auto,dpr_2.0/191129M192009_1.jpg",https://www.ssense.com/en-us/men/product/acne-studios/blue-bla-konst-saira-shirt/3467209,26,50
130,M,"https://img.ssensemedia.com/image/upload/b_white/c_scale,h_820/f_auto,dpr_2.0/191129M204011_1.jpg",https://www.ssense.com/en-us/men/product/acne-studios/yellow-febo-loops-sweatshirt/3462149,14,19
131,M,"https://img.ssensemedia.com/image/upload/b_white/c_scale,h_820/f_auto,dpr_2.0/191129M180009_1.jpg",https://www.ssense.com/en-us/men/product/acne-studios/grey-ollys-jacket/3492409,15,18
132,M,"https://img.ssensemedia.com/image/upload/b_white/c_scale,h_820/f_auto,dpr_2.0/191129M180004_1.jpg",https://www.ssense.com/en-us/men/product/acne-studios/grey-orton-jacket/3461329,15,18
133,M,"https://img.ssensemedia.com/image/upload/b_white/c_scale,h_820/f_auto,dpr_2.0/191129M180007_1.jpg",https://www.ssense.com/en-us/men/product/acne-studios/beige-knit-komber-jacket/3461769,12,17
134,M,"https://img.ssensemedia.com/image/upload/b_white/c_scale,h_820/f_auto,dpr_2.0/191387M192017_1.jpg",https://www.ssense.com/en-us/men/product/kenzo/blue-logo-casual-shirt/3569379,21,24
135,M,"https://img.ssensemedia.com/image/upload/b_white/c_scale,h_820/f_auto,dpr_2.0/191387M192009_1.jpg",https://www.ssense.com/en-us/men/product/kenzo/blue-and-red-oversized-flying-phoenix-shirt/3562339,26,50
136,M,"https://img.ssensemedia.com/image/upload/b_white/c_scale,h_820/f_auto,dpr_2.0/191387M175003_1.jpg",https://www.ssense.com/en-us/men/product/kenzo/blue-jumping-tiger-bomber-jacket/3576429,15,18
137,M,"https://img.ssensemedia.com/image/upload/b_white/c_scale,h_820/f_auto,dpr_2.0/191387M204013_1.jpg",https://www.ssense.com/en-us/men/product/kenzo/black-embroidered-logo-sweatshirt/3565509,21,24
138,M,"https://img.ssensemedia.com/image/upload/b_white/c_scale,h_820/f_auto,dpr_2.0/191387M212005_1.jpg",https://www.ssense.com/en-us/men/product/kenzo/blue-openwork-knit-polo/3562879,26,50
139,M,"https://img.ssensemedia.com/image/upload/b_white/c_scale,h_820/f_auto,dpr_2.0/191387M202010_1.jpg",https://www.ssense.com/en-us/men/product/kenzo/grey-tiger-hoodie/3568869,15,20
140,M,"https://img.ssensemedia.com/image/upload/b_white/c_scale,h_820/f_auto,dpr_2.0/191551M213005_1.jpg",https://www.ssense.com/en-us/men/product/miharayasuhiro/navy-slit-t-shirt/3600439,26,50
141,F,https://is4.fwrdassets.com/images/p/fw/z/ANUI-WO2_V1.jpg,https://www.fwrd.com,12,17
142,F,https://is4.fwrdassets.com/images/p/fw/z/JILS-WS7_V1.jpg,https://www.fwrd.com/product-jil-sander-giuditta-/JILS-WS7/?d=Womens,26,50
143,F,https://is4.fwrdassets.com/images/p/fw/z/JILS-WK9_V1.jpg,https://www.fwrd.com/product-jil-sander-/JILS-WK9/?d=Womens,14,19
144,F,https://is4.fwrdassets.com/images/p/fw/z/ACNE-WS280_V1.jpg,https://www.fwrd.com/product-acne-studios-wanda-t-/ACNE-WS280/?d=Womens,26,50
145,F,https://is4.fwrdassets.com/images/p/fw/z/ACNE-WK251_V1.jpg,https://www.fwrd.com/product-acne-studios-kaya-/ACNE-WK251/?d=Womens,17,22
146,F,https://is4.fwrdassets.com/images/p/fw/z/ACNE-WS283_V1.jpg,https://www.fwrd.com/product-acne-studios-erika-/ACNE-WS283/?d=Womens,28,50
147,F,https://is4.fwrdassets.com/images/p/fw/z/ACNE-WS275_V1.jpg,https://www.fwrd.com/product-acne-studios-karina--/ACNE-WS275/?d=Womens,26,50
148,F,https://is4.fwrdassets.com/images/p/fw/z/ACNE-WS273_V1.jpg,https://www.fwrd.com/product-acne-studios-katrina-/ACNE-WS273/?d=Womens,28,50
149,F,https://is4.fwrdassets.com/images/p/fw/z/ACNE-WO104_V1.jpg,https://www.fwrd.com/product-acne-studios-mock-leather-/ACNE-WO104/?d=Womens,9,11
150,F,https://is4.fwrdassets.com/images/p/fw/z/ACNE-WK242_V1.jpg,https://www.fwrd.com/product-acne-studios-farrin-face-/ACNE-WK242/?d=Womens,17,20
151,F,https://is4.fwrdassets.com/images/p/fw/z/ACNE-WO220_V1.jpg,https://www.fwrd.com/product-acne-studios-jana-check-suit-/ACNE-WO220/?d=Womens,13,17
152,F,https://is4.fwrdassets.com/images/p/fw/z/ACNE-WK228_V1.jpg,https://www.fwrd.com/product-acne-studios-striped-/ACNE-WK228/?d=Womens,14,19
153,F,https://is4.fwrdassets.com/images/p/fw/z/ACNE-WO216_V1.jpg,https://www.fwrd.com/product-acne-studios-velocite-vintage-/ACNE-WO216/?d=Womens,5,9
154,F,https://is4.fwrdassets.com/images/p/fw/z/ACNE-WK226_V1.jpg,https://www.fwrd.com/product-acne-studios-mixed-/ACNE-WK226/?d=Womens,14,19
155,F,https://is4.fwrdassets.com/images/p/fw/z/ACNE-WK220_V1.jpg,https://www.fwrd.com/product-acne-studios-joghy-/ACNE-WK220/?d=Womens,17,20
156,F,https://is4.fwrdassets.com/images/p/fw/z/ACNE-WK225_V1.jpg,https://www.fwrd.com/product-acne-studios-logo-/ACNE-WK225/?d=Womens,15,19
157,F,https://is4.fwrdassets.com/images/p/fw/z/ACNE-WO87_V1.jpg,https://www.fwrd.com/product-acne-studios-velocite-/ACNE-WO87/?d=Womens,5,9
158,F,https://is4.fwrdassets.com/images/p/fw/z/ISAB-WS192_V1.jpg,https://www.fwrd.com,19,22
159,F,https://is4.fwrdassets.com/images/p/fw/z/ALCF-MS10W_V1.jpg,https://www.fwrd.com/product-alchemist-truckin-/ALCF-MS10/?d=Womens,21,24
160,F,https://is4.fwrdassets.com/images/p/fw/z/AGF-WO8_V1.jpg,https://www.fwrd.com/product-ag-adriano-goldschmied-keats-/AGF-WO8/?d=Womens,9,11
161,F,https://is4.fwrdassets.com/images/p/fw/z/AGF-WO7_V1.jpg,https://www.fwrd.com/product-ag-adriano-goldschmied-evonne-/AGF-WO7/?d=Womens,15,18
162,F,https://is4.fwrdassets.com/images/p/fw/z/CGOO-WO41_V1.jpg,https://www.fwrd.com/product-canada-goose-elmira-/CGOO-WO41/?d=Womens,10,15
163,F,https://is4.fwrdassets.com/images/p/fw/z/CGOO-WO28_V1.jpg,https://www.fwrd.com/product-canada-goose-savona-/CGOO-WO28/?d=Womens,-30,5
164,F,https://is4.fwrdassets.com/images/p/fw/z/CGOO-WO8_V1.jpg,https://www.fwrd.com/product-canada-goose-chilliwack-/CGOO-WO8/?d=Womens,-30,7
165,F,https://is4.fwrdassets.com/images/p/fw/z/CGOO-WO46_V1.jpg,https://www.fwrd.com/product-canada-goose-brookvale-hooded-/CGOO-WO46/?d=Womens,5,8
166,M,"https://img.ssensemedia.com/image/upload/b_white/c_scale,h_820/f_auto,dpr_2.0/191551M175001_1.jpg",https://www.ssense.com/en-us/men/product/miharayasuhiro/black-souvenir-bomber-jacket/3556949,10,15
167,M,"https://img.ssensemedia.com/image/upload/b_white/c_scale,h_820/f_auto,dpr_2.0/191551M201001_1.jpg",https://www.ssense.com/en-us/men/product/miharayasuhiro/black-damaged-knit-pullover/3557159,14,19
168,M,"https://img.ssensemedia.com/image/upload/b_white/c_scale,h_820/f_auto,dpr_2.0/191551M212001_1.jpg",https://www.ssense.com/en-us/men/product/miharayasuhiro/black-four-sleeves-rugby-polo/3557179,24,50
169,M,"https://img.ssensemedia.com/image/upload/b_white/c_scale,h_820/f_auto,dpr_2.0/191782M180004_1.jpg",https://www.ssense.com/en-us/men/product/fear-of-god/red-flannel-shirt-jacket/3694319,21,24
170,M,"https://img.ssensemedia.com/image/upload/b_white/c_scale,h_820/f_auto,dpr_2.0/182895M202010_1.jpg",https://www.ssense.com/en-us/men/product/aime-leon-dore/navy-reverse-fleece-hoodie/3069558,15,19
171,M,"https://img.ssensemedia.com/image/upload/b_white/c_scale,h_820/f_auto,dpr_2.0/182895M178006_1.jpg",https://www.ssense.com/en-us/men/product/aime-leon-dore/black-down-hooded-jacket/3069828,-30,5
172,M,"https://img.ssensemedia.com/image/upload/b_white/c_scale,h_820/f_auto,dpr_2.0/182797M179015_1.jpg",https://www.ssense.com/en-us/men/product/mr-and-mrs-italy/beige-and-green-canvas-small-hooded-fur-parka/3112038,-30,5
173,M,"https://img.ssensemedia.com/image/upload/b_white/c_scale,h_820/f_auto,dpr_2.0/191108M204002_1.jpg",https://www.ssense.com/en-us/men/product/affix/grey-embroidery-logo-sweatshirt/3618409,21,24
174,M,"https://img.ssensemedia.com/image/upload/b_white/c_scale,h_820/f_auto,dpr_2.0/191108M202002_1.jpg",https://www.ssense.com/en-us/men/product/affix/black-pdu-pullover-sweatshirt/3562429,18,21
175,M,"https://img.ssensemedia.com/image/upload/b_white/c_scale,h_820/f_auto,dpr_2.0/191108M204001_1.jpg",https://www.ssense.com/en-us/men/product/affix/white-embroidery-logo-sweatshirt/3562299,21,24
176,M,"https://img.ssensemedia.com/image/upload/b_white/c_scale,h_820/f_auto,dpr_2.0/191108M213003_1.jpg",https://www.ssense.com/en-us/men/product/affix/black-and-yellow-ebs-purge-t-shirt/3562269,24,50
177,M,"https://img.ssensemedia.com/image/upload/b_white/c_scale,h_820/f_auto,dpr_2.0/191252M192009_1.jpg",https://www.ssense.com/en-us/men/product/apc/navy-midway-short-sleeve-shirt/3745489,24,50
178,M,"https://img.ssensemedia.com/image/upload/b_white/c_scale,h_820/f_auto,dpr_2.0/191252M192008_1.jpg",https://www.ssense.com/en-us/men/product/apc/blue-midway-short-sleeve-shirt/3745479,24,50
179,M,"https://img.ssensemedia.com/image/upload/b_white/c_scale,h_820/f_auto,dpr_2.0/191252M180009_1.jpg",https://www.ssense.com/en-us/men/product/apc/khaki-oahu-jacket/3759049,10,15
180,M,"https://img.ssensemedia.com/image/upload/b_white/c_scale,h_820/f_auto,dpr_2.0/192154M202002_1.jpg",https://www.ssense.com/en-us/men/product/helmut-lang/white-masc-hoodie/3818661,15,19
181,F,https://images-na.ssl-images-amazon.com/images/G/01/Shopbop/p/prod/products/twang/twang2002512397/twang2002512397_q1_1-0.jpg,https://www.shopbop.com,24,50
200,F,https://m.media-amazon.com/images/G/01/Shopbop/p/prod/products/wayfa/wayfa2031511f02/wayfa2031511f02_q6_2-0.jpg,https://www.shopbop.com/altona-bustier-top-wayf/vp/v=1/1598468752.htm?fm=pd_sb_pd_browse_1_bstslr&os=false,20,22
201,F,https://m.media-amazon.com/images/G/01/Shopbop/p/prod/products/draaa/draaa3021513b85/draaa3021513b85_q6_2-0.jpg,https://www.shopbop.com/gisela-dress-dra/vp/v=1/1578674940.htm?folderID=59577&fm=other-shopbysize-viewall&os=false&colorId=13B85,28,35
202,F,https://m.media-amazon.com/images/G/01/Shopbop/p/prod/products/carok/carok3011612397/carok3011612397_q6_2-0.jpg,https://www.shopbop.com/nika-dress-carolina-k/vp/v=1/1513796402.htm?folderID=59577&fm=other-shopbysize-viewall&os=false&colorId=12397,28,35
203,F,https://m.media-amazon.com/images/G/01/Shopbop/p/prod/products/camla/camla3057513ce5/camla3057513ce5_q6_2-0.jpg,https://www.shopbop.com/long-sleeve-cardigan-jacket-camilla/vp/v=1/1512611769.htm?folderID=13414&fm=other-shopbysize&os=false&colorId=13CE5,20,22
204,F,https://m.media-amazon.com/images/G/01/Shopbop/p/prod/products/hunts/hunts2053612d18/hunts2053612d18_q6_2-0.jpg,https://www.shopbop.com/shell-jacket-hunter-boots/vp/v=1/1576211509.htm?folderID=13414&fm=other-shopbysize&os=false&colorId=12D18,12,16
216,F,https://m.media-amazon.com/images/G/01/Shopbop/p/prod/products/tupsi/tupsi3009610719/tupsi3009610719_q6_2-0.jpg,https://www.shopbop.com/ella-parka-upside/vp/v=1/1583926056.htm?folderID=13414&fm=other-shopbysize-viewall&os=false&colorId=10719,9,12
217,F,https://m.media-amazon.com/images/G/01/Shopbop/p/prod/products/marqu/marqu302101040f/marqu302101040f_q6_2-0._UX357_QL90_.jpg,https://www.shopbop.com/oversized-cardigan-feather-pulls-marques/vp/v=1/1521549173.htm?folderID=13317&fm=other-shopbysize-viewall&os=false&colorId=1040F,12,16
218,F,https://m.media-amazon.com/images/G/01/Shopbop/p/prod/products/tmigh/tmigh3002163557/tmigh3002163557_q6_2-0.jpg,https://www.shopbop.com/hastings-jacket-mighty-company/vp/v=1/1599600245.htm?folderID=13414&fm=other-shopbysize-viewall&os=false&colorId=63557,12,16
219,F,https://m.media-amazon.com/images/G/01/Shopbop/p/prod/products/appar/appar3000612139/appar3000612139_q6_2-0.jpg,https://www.shopbop.com/margot-fur-coat-apparis/vp/v=1/1532987688.htm?folderID=13423&fm=other-shopbysize-viewall&os=false&colorId=12139,5,8
220,F,https://m.media-amazon.com/images/G/01/Shopbop/p/prod/products/samaa/samaa3016311459/samaa3016311459_q6_2-0.jpg,https://www.shopbop.com/crosby-wool-coat-sam/vp/v=1/1599723464.htm?folderID=13423&fm=other-shopbysize-viewall&os=false&colorId=11459,5,8
221,F,https://m.media-amazon.com/images/G/01/Shopbop/p/prod/products/macka/macka403421071b/macka403421071b_q6_2-0.jpg,https://www.shopbop.com/mai-wool-jacket-mackage/vp/v=1/1510762265.htm?folderID=13423&fm=other-shopbysize-viewall&os=false&colorId=1071B,5,8
227,F,https://m.media-amazon.com/images/G/01/Shopbop/p/prod/products/pdeni/pdeni4098714afb/pdeni4098714afb_q6_2-0.jpg,https://www.shopbop.com/colwyn-shirt-paige/vp/v=1/1555801797.htm?folderID=13332&fm=other-shopbysize-viewall&os=false&colorId=14AFB,23,35
228,F,https://m.media-amazon.com/images/G/01/Shopbop/p/prod/products/velve/velve41165102c8/velve41165102c8_q6_2-0.jpg,https://www.shopbop.com/halsey-blouse-velvet/vp/v=1/1589081866.htm?folderID=13332&fm=other-shopbysize-viewall&os=false&colorId=102C8,23,35
229,F,https://m.media-amazon.com/images/G/01/Shopbop/p/prod/products/vince/vince5004611160/vince5004611160_q6_2-0.jpg,https://www.shopbop.com/cropped-wide-strap-shell-vince/vp/v=1/1557584708.htm?folderID=13332&fm=other-shopbysize-viewall&os=false&colorId=11160,28,35
230,F,https://m.media-amazon.com/images/G/01/Shopbop/p/prod/products/vince/vince5005169897/vince5005169897_q6_2-0.jpg,https://www.shopbop.com/pencil-stripe-belted-shell-vince/vp/v=1/1510055381.htm?folderID=13332&fm=other-shopbysize-viewall&os=false&colorId=69897,28,35
231,F,https://m.media-amazon.com/images/G/01/Shopbop/p/prod/products/velve/velve411431071c/velve411431071c_q6_2-0.jpg,https://www.shopbop.com/mandi-top-velvet/vp/v=1/1530359144.htm?folderID=13332&fm=other-shopbysize-viewall&os=false&colorId=1071C,28,35
231,F,https://m.media-amazon.com/images/G/01/Shopbop/p/prod/products/rthir/rthir2045412139/rthir2045412139_q6_2-0.jpg,https://www.shopbop.com/clothing-jackets-coats-fur-faux/br/v=1/51897.htm,5,8
232,F,https://m.media-amazon.com/images/G/01/Shopbop/p/prod/products/appar/appar3001910652/appar3001910652_q6_2-0.jpg,https://www.shopbop.com/maya-vest-apparis/vp/v=1/1594236961.htm?folderID=51897&fm=other-shopbysize-viewall&os=false&colorId=10652,5,11
233,F,https://m.media-amazon.com/images/G/01/Shopbop/p/prod/products/joooa/joooa3057213783/joooa3057213783_q6_2-0.jpg,https://www.shopbop.com/teddy-coat-joa/vp/v=1/1579838978.htm?folderID=51897&fm=other-shopbysize-viewall&os=false&colorId=13783,5,11
234,F,https://m.media-amazon.com/images/G/01/Shopbop/p/prod/products/keeps/keeps30458102d9/keeps30458102d9_q6_2-0.jpg,https://www.shopbop.com/lionheart-cropped-coat-keepsake/vp/v=1/1583111350.htm?folderID=51897&fm=other-shopbysize-viewall&os=false&colorId=102D9,5,11
235,F,https://m.media-amazon.com/images/G/01/Shopbop/p/prod/products/adrie/adrie2010312867/adrie2010312867_q6_2-0.jpg,https://www.shopbop.com/mongolian-lamb-jacket-adrienne-landau/vp/v=1/1597000325.htm?folderID=51897&fm=other-shopbysize-viewall&os=false&colorId=12867,5,8
300,M,https://c.shld.net/rpx/i/s/pi/mp/20889/prod_4522827926?src=http%3A%2F%2Fthedealrack.com%2Fimages%2Fab2%2FSFVR_39.jpg&d=464a18e9948f6e4d0a72250f10385a95b819af6d&hei=660&wid=660&op_sharpen=1,https://www.sears.com/fruit-of-the-loom-fruit-of-the-loom/p-0000000000000002088900000000000015908136P?prdNo=10&blockNo=10&blockType=G10,24,32
301,M,https://c.shld.net/rpx/i/s/pi/mp/20889/prod_4522830126?src=http%3A%2F%2Fthedealrack.com%2Fimages%2Fab2%2FSFVR_51.jpg&d=d95b5cde0683446942f4b7beeea3168564e8e4f9&hei=660&wid=660&op_sharpen=1,https://www.sears.com/fruit-of-the-loom-fruit-of-the-loom/p-0000000000000002088900000000000015908136P?prdNo=10&blockNo=10&blockType=G10,24,32
302,M,https://c.shld.net/rpx/i/s/pi/mp/22809/prod_5807897427?src=http%3A%2F%2Fcdn.apparelnbags.com%2Fimages%2Fvariant%2Flarge%2Ffruit-of-the-loom_39TK_gold.jpg&d=0037c9777033b245c96a2a016babff5a04bd2bef&hei=660&wid=660&op_sharpen=1,https://www.sears.com/fruit-of-the-loom-39tk-men-s-heavy-cotton/p-00000000000000022809000000000000000039TKP?plpSellerId=ApparelnBagscom&prdNo=16&blockNo=16&blockType=G16#,25,37
303,M,https://c.shld.net/rpx/i/s/pi/mp/22809/prod_5807899827?src=http%3A%2F%2Fcdn.apparelnbags.com%2Fimages%2Fvariant%2Flarge%2Ffruit-of-the-loom_39TK_pacific-blue.jpg&d=55aab6411ff00d300c8ff509f85ef4989b014e34&hei=660&wid=660&op_sharpen=1,https://www.sears.com/fruit-of-the-loom-39tk-men-s-heavy-cotton/p-00000000000000022809000000000000000039TKP?plpSellerId=ApparelnBagscom&prdNo=16&blockNo=16&blockType=G16#,25,37